{"paragraphs":[{"text":"case class Activity(timestamp_hour: Long,\r\n                  referrer: String,\r\n                  action: String,\r\n                  prevPage: String,\r\n                  page: String,\r\n                  visitor: String,\r\n                  product: String,\r\n                  inputProps: Map[String, String] = Map()\r\n                 )\r\ncase class ActivityByProduct (product : String,\r\n                            timestamp_hour : Long,\r\n                            purchase_count : Long,\r\n                            add_to_cart_count : Long,\r\n                            page_view_count : Long)","authenticationInfo":{},"dateUpdated":"Jun 11, 2016 10:00:13 AM","config":{"colWidth":12,"editorMode":"ace/mode/scala","tableHide":false,"graph":{"mode":"table","height":300,"optionOpen":false,"keys":[],"values":[],"groups":[],"scatter":{}},"enabled":true},"settings":{"params":{},"forms":{}},"jobName":"paragraph_1465653568079_1143323969","id":"20160611-095928_1087339652","result":{"code":"SUCCESS","type":"TEXT","msg":"defined class Activity\ndefined class ActivityByProduct\n"},"dateCreated":"Jun 11, 2016 9:59:28 AM","dateStarted":"Jun 11, 2016 10:00:13 AM","dateFinished":"Jun 11, 2016 10:00:48 AM","status":"FINISHED","progressUpdateIntervalMs":500,"$$hashKey":"object:2581"},{"text":"import org.apache.spark.streaming.{Duration, Seconds, StreamingContext}\r\n\r\n@transient val ssc = new StreamingContext(sc, Seconds(4))\r\nssc.checkpoint(\"hdfs://lambda-pluralsight:9000/spark/checkpoint\")","authenticationInfo":{},"dateUpdated":"Jun 11, 2016 10:00:13 AM","config":{"colWidth":12,"editorMode":"ace/mode/scala","tableHide":false,"graph":{"mode":"table","height":300,"optionOpen":false,"keys":[],"values":[],"groups":[],"scatter":{}},"enabled":true},"settings":{"params":{},"forms":{}},"jobName":"paragraph_1465653568084_1152173194","id":"20160611-095928_1040491060","result":{"code":"SUCCESS","type":"TEXT","msg":"import org.apache.spark.streaming.{Duration, Seconds, StreamingContext}\nssc: org.apache.spark.streaming.StreamingContext = org.apache.spark.streaming.StreamingContext@1d4906fd\n"},"dateCreated":"Jun 11, 2016 9:59:28 AM","dateStarted":"Jun 11, 2016 10:00:15 AM","dateFinished":"Jun 11, 2016 10:00:50 AM","status":"FINISHED","progressUpdateIntervalMs":500,"$$hashKey":"object:2582"},{"text":"val inputPath = \"file:///vagrant/input\"\r\nval textDStream = ssc.textFileStream(inputPath)\r\nval activityStream = textDStream.transform( input => {\r\n  input.flatMap{ line =>\r\n    val record = line.split(\"\\\\t\")\r\n    val MS_IN_MIN = 1000 * 60\r\n    if (record.length == 7)\r\n      Some(Activity(record(0).toLong / MS_IN_MIN * MS_IN_MIN, record(1), record(2), record(3), record(4), record(5), record(6)))\r\n    else\r\n      None\r\n  }\r\n} )\r\n\r\nactivityStream.foreachRDD( rdd => {\r\n  val df = rdd.toDF()\r\n  df.registerTempTable(\"activity\")\r\n  val activityByProduct = sqlContext.sql(\"\"\"SELECT\r\n                                      product,\r\n                                      timestamp_hour,\r\n                                      sum(case when action = 'purchase' then 1 else 0 end) as purchase_count,\r\n                                      sum(case when action = 'add_to_cart' then 1 else 0 end) as add_to_cart_count,\r\n                                      sum(case when action = 'page_view' then 1 else 0 end) as page_view_count\r\n                                      from activity\r\n                                      group by product, timestamp_hour \"\"\")\r\n  activityByProduct.registerTempTable(\"activityByProduct\")\r\n\r\n} )\r\n\r\nssc.start()","authenticationInfo":{},"dateUpdated":"Jun 11, 2016 10:00:13 AM","config":{"colWidth":12,"editorMode":"ace/mode/scala","tableHide":false,"graph":{"mode":"table","height":300,"optionOpen":false,"keys":[],"values":[],"groups":[],"scatter":{}},"enabled":true},"settings":{"params":{},"forms":{}},"jobName":"paragraph_1465653568084_1152173194","id":"20160611-095928_962976552","result":{"code":"SUCCESS","type":"TEXT","msg":"inputPath: String = file:///vagrant/input\ntextDStream: org.apache.spark.streaming.dstream.DStream[String] = org.apache.spark.streaming.dstream.MappedDStream@4c038f76\nactivityStream: org.apache.spark.streaming.dstream.DStream[Activity] = org.apache.spark.streaming.dstream.TransformedDStream@10e9f3bb\n"},"dateCreated":"Jun 11, 2016 9:59:28 AM","dateStarted":"Jun 11, 2016 10:00:48 AM","dateFinished":"Jun 11, 2016 10:00:52 AM","status":"FINISHED","progressUpdateIntervalMs":500,"$$hashKey":"object:2583"},{"text":"%sql\nselect\n    from_unixtime(timestamp_hour / 1000, \"MM-dd HH:mm:00\") as timestamphour, purchase_count, add_to_cart_count, page_view_count\nfrom\n    activityByProduct","authenticationInfo":{},"dateUpdated":"Jun 11, 2016 10:12:01 AM","config":{"colWidth":12,"editorMode":"ace/mode/sql","tableHide":false,"graph":{"mode":"lineChart","height":300,"optionOpen":false,"keys":[{"name":"timestamphour","index":0,"aggr":"sum"}],"values":[{"name":"purchase_count","index":1,"aggr":"sum"},{"name":"page_view_count","index":3,"aggr":"sum"},{"name":"add_to_cart_count","index":2,"aggr":"sum"}],"groups":[],"scatter":{"xAxis":{"name":"timestamphour","index":0,"aggr":"sum"},"yAxis":{"name":"purchase_count","index":1,"aggr":"sum"}}},"enabled":true},"settings":{"params":{},"forms":{}},"jobName":"paragraph_1465653568084_1152173194","id":"20160611-095928_349053584","result":{"code":"SUCCESS","type":"TABLE","msg":"timestamphour\tpurchase_count\tadd_to_cart_count\tpage_view_count\n06-11 10:11:00\t0\t0\t1\n06-11 10:11:00\t0\t0\t1\n06-11 10:33:00\t0\t0\t1\n06-11 10:33:00\t0\t0\t1\n06-11 10:11:00\t0\t0\t1\n06-11 10:11:00\t0\t0\t3\n06-11 10:33:00\t0\t0\t2\n06-11 10:11:00\t0\t0\t1\n06-11 10:11:00\t0\t1\t0\n06-11 10:11:00\t1\t0\t0\n06-11 10:11:00\t0\t0\t1\n06-11 10:11:00\t0\t0\t1\n06-11 10:11:00\t1\t1\t1\n06-11 10:33:00\t0\t0\t1\n06-11 10:33:00\t0\t0\t1\n06-11 10:11:00\t0\t0\t3\n06-11 10:33:00\t0\t0\t1\n06-11 10:11:00\t0\t0\t1\n06-11 10:11:00\t0\t0\t1\n06-11 10:33:00\t0\t0\t1\n06-11 10:11:00\t0\t0\t1\n06-11 10:33:00\t0\t0\t1\n06-11 10:33:00\t0\t0\t1\n06-11 10:11:00\t0\t0\t1\n06-11 10:11:00\t0\t0\t1\n06-11 10:11:00\t0\t0\t1\n06-11 10:33:00\t0\t0\t1\n06-11 10:11:00\t0\t0\t1\n06-11 10:11:00\t0\t0\t1\n06-11 10:33:00\t0\t0\t1\n06-11 10:11:00\t0\t0\t1\n06-11 10:11:00\t0\t0\t2\n06-11 10:33:00\t0\t0\t1\n06-11 10:33:00\t0\t0\t1\n06-11 10:33:00\t0\t0\t1\n06-11 10:33:00\t0\t0\t1\n06-11 10:11:00\t0\t0\t1\n06-11 10:11:00\t0\t0\t1\n06-11 10:33:00\t0\t1\t0\n06-11 10:11:00\t0\t0\t2\n06-11 10:33:00\t0\t0\t1\n06-11 10:33:00\t0\t0\t1\n06-11 10:11:00\t0\t0\t1\n06-11 10:11:00\t0\t0\t1\n06-11 10:11:00\t0\t0\t1\n06-11 10:11:00\t0\t0\t3\n06-11 10:11:00\t0\t0\t1\n06-11 10:33:00\t0\t0\t2\n06-11 10:11:00\t0\t0\t2\n06-11 10:33:00\t0\t0\t1\n06-11 10:33:00\t0\t0\t1\n06-11 10:33:00\t0\t0\t1\n06-11 10:33:00\t0\t0\t1\n06-11 10:11:00\t0\t0\t2\n06-11 10:11:00\t0\t0\t1\n06-11 10:33:00\t0\t0\t1\n06-11 10:33:00\t0\t0\t1\n06-11 10:11:00\t0\t0\t2\n06-11 10:11:00\t0\t0\t2\n06-11 10:33:00\t0\t0\t1\n06-11 10:33:00\t0\t0\t1\n06-11 10:33:00\t0\t0\t1\n06-11 10:33:00\t0\t0\t2\n06-11 10:11:00\t0\t0\t1\n06-11 10:11:00\t0\t0\t1\n06-11 10:11:00\t0\t0\t1\n06-11 10:11:00\t0\t0\t1\n06-11 10:33:00\t0\t0\t1\n06-11 10:33:00\t0\t0\t1\n06-11 10:11:00\t0\t0\t2\n06-11 10:11:00\t0\t0\t1\n06-11 10:33:00\t0\t0\t2\n06-11 10:33:00\t0\t0\t1\n06-11 10:33:00\t0\t0\t1\n06-11 10:11:00\t0\t0\t1\n06-11 10:33:00\t0\t0\t1\n06-11 10:33:00\t0\t0\t1\n06-11 10:33:00\t0\t0\t1\n06-11 10:11:00\t0\t0\t2\n06-11 10:11:00\t0\t0\t1\n06-11 10:11:00\t0\t0\t1\n06-11 10:11:00\t0\t0\t1\n06-11 10:11:00\t0\t0\t1\n06-11 10:11:00\t0\t0\t1\n06-11 10:33:00\t0\t0\t1\n06-11 10:11:00\t0\t0\t1\n06-11 10:33:00\t0\t0\t1\n06-11 10:11:00\t0\t0\t1\n06-11 10:33:00\t0\t0\t1\n06-11 10:33:00\t0\t0\t1\n06-11 10:11:00\t0\t0\t1\n06-11 10:11:00\t0\t0\t1\n06-11 10:11:00\t0\t0\t1\n06-11 10:33:00\t0\t1\t0\n06-11 10:33:00\t0\t0\t1\n06-11 10:11:00\t0\t0\t1\n06-11 10:33:00\t0\t0\t1\n06-11 10:11:00\t0\t0\t2\n06-11 10:11:00\t0\t0\t2\n06-11 10:33:00\t0\t0\t1\n06-11 10:11:00\t0\t0\t1\n06-11 10:33:00\t0\t0\t1\n06-11 10:33:00\t0\t0\t1\n06-11 10:11:00\t0\t0\t1\n06-11 10:11:00\t0\t0\t2\n06-11 10:11:00\t0\t0\t1\n06-11 10:33:00\t0\t0\t1\n06-11 10:11:00\t0\t0\t2\n06-11 10:11:00\t1\t0\t1\n06-11 10:11:00\t0\t0\t1\n06-11 10:33:00\t0\t0\t1\n06-11 10:11:00\t0\t0\t1\n06-11 10:11:00\t0\t0\t1\n06-11 10:11:00\t0\t0\t1\n06-11 10:11:00\t0\t0\t1\n06-11 10:11:00\t0\t0\t1\n06-11 10:11:00\t0\t0\t1\n06-11 10:11:00\t0\t0\t1\n06-11 10:11:00\t0\t0\t2\n06-11 10:11:00\t0\t0\t1\n06-11 10:11:00\t0\t0\t1\n06-11 10:33:00\t0\t0\t1\n06-11 10:33:00\t0\t0\t1\n06-11 10:33:00\t0\t0\t1\n06-11 10:11:00\t1\t0\t2\n06-11 10:33:00\t0\t0\t1\n06-11 10:11:00\t0\t0\t2\n06-11 10:11:00\t0\t0\t2\n06-11 10:33:00\t0\t0\t1\n06-11 10:11:00\t0\t0\t2\n06-11 10:11:00\t0\t0\t1\n06-11 10:33:00\t1\t0\t0\n06-11 10:11:00\t0\t0\t1\n06-11 10:11:00\t0\t0\t1\n06-11 10:11:00\t0\t0\t1\n06-11 10:11:00\t1\t0\t0\n06-11 10:11:00\t0\t0\t1\n06-11 10:11:00\t0\t0\t1\n06-11 10:11:00\t0\t0\t1\n06-11 10:11:00\t0\t0\t1\n06-11 10:11:00\t0\t0\t2\n06-11 10:33:00\t0\t0\t1\n06-11 10:11:00\t0\t0\t1\n06-11 10:11:00\t0\t0\t1\n06-11 10:11:00\t0\t0\t1\n06-11 10:11:00\t0\t0\t3\n06-11 10:33:00\t0\t0\t1\n06-11 10:11:00\t0\t0\t1\n06-11 10:11:00\t0\t0\t2\n06-11 10:33:00\t0\t0\t1\n06-11 10:11:00\t0\t0\t1\n06-11 10:11:00\t0\t0\t3\n06-11 10:11:00\t0\t0\t1\n06-11 10:11:00\t0\t0\t1\n06-11 10:11:00\t0\t0\t1\n06-11 10:11:00\t0\t0\t1\n06-11 10:33:00\t0\t0\t3\n06-11 10:11:00\t0\t0\t1\n06-11 10:11:00\t0\t0\t2\n06-11 10:33:00\t0\t0\t1\n","comment":"","msgTable":[[{"key":"purchase_count","value":"06-11 10:11:00"},{"key":"purchase_count","value":"0"},{"key":"purchase_count","value":"0"},{"key":"purchase_count","value":"1"}],[{"key":"add_to_cart_count","value":"06-11 10:11:00"},{"key":"add_to_cart_count","value":"0"},{"key":"add_to_cart_count","value":"0"},{"key":"add_to_cart_count","value":"1"}],[{"key":"page_view_count","value":"06-11 10:33:00"},{"key":"page_view_count","value":"0"},{"key":"page_view_count","value":"0"},{"key":"page_view_count","value":"1"}],[{"value":"06-11 10:33:00"},{"value":"0"},{"value":"0"},{"value":"1"}],[{"value":"06-11 10:11:00"},{"value":"0"},{"value":"0"},{"value":"1"}],[{"value":"06-11 10:11:00"},{"value":"0"},{"value":"0"},{"value":"3"}],[{"value":"06-11 10:33:00"},{"value":"0"},{"value":"0"},{"value":"2"}],[{"value":"06-11 10:11:00"},{"value":"0"},{"value":"0"},{"value":"1"}],[{"value":"06-11 10:11:00"},{"value":"0"},{"value":"1"},{"value":"0"}],[{"value":"06-11 10:11:00"},{"value":"1"},{"value":"0"},{"value":"0"}],[{"value":"06-11 10:11:00"},{"value":"0"},{"value":"0"},{"value":"1"}],[{"value":"06-11 10:11:00"},{"value":"0"},{"value":"0"},{"value":"1"}],[{"value":"06-11 10:11:00"},{"value":"1"},{"value":"1"},{"value":"1"}],[{"value":"06-11 10:33:00"},{"value":"0"},{"value":"0"},{"value":"1"}],[{"value":"06-11 10:33:00"},{"value":"0"},{"value":"0"},{"value":"1"}],[{"value":"06-11 10:11:00"},{"value":"0"},{"value":"0"},{"value":"3"}],[{"value":"06-11 10:33:00"},{"value":"0"},{"value":"0"},{"value":"1"}],[{"value":"06-11 10:11:00"},{"value":"0"},{"value":"0"},{"value":"1"}],[{"value":"06-11 10:11:00"},{"value":"0"},{"value":"0"},{"value":"1"}],[{"value":"06-11 10:33:00"},{"value":"0"},{"value":"0"},{"value":"1"}],[{"value":"06-11 10:11:00"},{"value":"0"},{"value":"0"},{"value":"1"}],[{"value":"06-11 10:33:00"},{"value":"0"},{"value":"0"},{"value":"1"}],[{"value":"06-11 10:33:00"},{"value":"0"},{"value":"0"},{"value":"1"}],[{"value":"06-11 10:11:00"},{"value":"0"},{"value":"0"},{"value":"1"}],[{"value":"06-11 10:11:00"},{"value":"0"},{"value":"0"},{"value":"1"}],[{"value":"06-11 10:11:00"},{"value":"0"},{"value":"0"},{"value":"1"}],[{"value":"06-11 10:33:00"},{"value":"0"},{"value":"0"},{"value":"1"}],[{"value":"06-11 10:11:00"},{"value":"0"},{"value":"0"},{"value":"1"}],[{"value":"06-11 10:11:00"},{"value":"0"},{"value":"0"},{"value":"1"}],[{"value":"06-11 10:33:00"},{"value":"0"},{"value":"0"},{"value":"1"}],[{"value":"06-11 10:11:00"},{"value":"0"},{"value":"0"},{"value":"1"}],[{"value":"06-11 10:11:00"},{"value":"0"},{"value":"0"},{"value":"2"}],[{"value":"06-11 10:33:00"},{"value":"0"},{"value":"0"},{"value":"1"}],[{"value":"06-11 10:33:00"},{"value":"0"},{"value":"0"},{"value":"1"}],[{"value":"06-11 10:33:00"},{"value":"0"},{"value":"0"},{"value":"1"}],[{"value":"06-11 10:33:00"},{"value":"0"},{"value":"0"},{"value":"1"}],[{"value":"06-11 10:11:00"},{"value":"0"},{"value":"0"},{"value":"1"}],[{"value":"06-11 10:11:00"},{"value":"0"},{"value":"0"},{"value":"1"}],[{"value":"06-11 10:33:00"},{"value":"0"},{"value":"1"},{"value":"0"}],[{"value":"06-11 10:11:00"},{"value":"0"},{"value":"0"},{"value":"2"}],[{"value":"06-11 10:33:00"},{"value":"0"},{"value":"0"},{"value":"1"}],[{"value":"06-11 10:33:00"},{"value":"0"},{"value":"0"},{"value":"1"}],[{"value":"06-11 10:11:00"},{"value":"0"},{"value":"0"},{"value":"1"}],[{"value":"06-11 10:11:00"},{"value":"0"},{"value":"0"},{"value":"1"}],[{"value":"06-11 10:11:00"},{"value":"0"},{"value":"0"},{"value":"1"}],[{"value":"06-11 10:11:00"},{"value":"0"},{"value":"0"},{"value":"3"}],[{"value":"06-11 10:11:00"},{"value":"0"},{"value":"0"},{"value":"1"}],[{"value":"06-11 10:33:00"},{"value":"0"},{"value":"0"},{"value":"2"}],[{"value":"06-11 10:11:00"},{"value":"0"},{"value":"0"},{"value":"2"}],[{"value":"06-11 10:33:00"},{"value":"0"},{"value":"0"},{"value":"1"}],[{"value":"06-11 10:33:00"},{"value":"0"},{"value":"0"},{"value":"1"}],[{"value":"06-11 10:33:00"},{"value":"0"},{"value":"0"},{"value":"1"}],[{"value":"06-11 10:33:00"},{"value":"0"},{"value":"0"},{"value":"1"}],[{"value":"06-11 10:11:00"},{"value":"0"},{"value":"0"},{"value":"2"}],[{"value":"06-11 10:11:00"},{"value":"0"},{"value":"0"},{"value":"1"}],[{"value":"06-11 10:33:00"},{"value":"0"},{"value":"0"},{"value":"1"}],[{"value":"06-11 10:33:00"},{"value":"0"},{"value":"0"},{"value":"1"}],[{"value":"06-11 10:11:00"},{"value":"0"},{"value":"0"},{"value":"2"}],[{"value":"06-11 10:11:00"},{"value":"0"},{"value":"0"},{"value":"2"}],[{"value":"06-11 10:33:00"},{"value":"0"},{"value":"0"},{"value":"1"}],[{"value":"06-11 10:33:00"},{"value":"0"},{"value":"0"},{"value":"1"}],[{"value":"06-11 10:33:00"},{"value":"0"},{"value":"0"},{"value":"1"}],[{"value":"06-11 10:33:00"},{"value":"0"},{"value":"0"},{"value":"2"}],[{"value":"06-11 10:11:00"},{"value":"0"},{"value":"0"},{"value":"1"}],[{"value":"06-11 10:11:00"},{"value":"0"},{"value":"0"},{"value":"1"}],[{"value":"06-11 10:11:00"},{"value":"0"},{"value":"0"},{"value":"1"}],[{"value":"06-11 10:11:00"},{"value":"0"},{"value":"0"},{"value":"1"}],[{"value":"06-11 10:33:00"},{"value":"0"},{"value":"0"},{"value":"1"}],[{"value":"06-11 10:33:00"},{"value":"0"},{"value":"0"},{"value":"1"}],[{"value":"06-11 10:11:00"},{"value":"0"},{"value":"0"},{"value":"2"}],[{"value":"06-11 10:11:00"},{"value":"0"},{"value":"0"},{"value":"1"}],[{"value":"06-11 10:33:00"},{"value":"0"},{"value":"0"},{"value":"2"}],[{"value":"06-11 10:33:00"},{"value":"0"},{"value":"0"},{"value":"1"}],[{"value":"06-11 10:33:00"},{"value":"0"},{"value":"0"},{"value":"1"}],[{"value":"06-11 10:11:00"},{"value":"0"},{"value":"0"},{"value":"1"}],[{"value":"06-11 10:33:00"},{"value":"0"},{"value":"0"},{"value":"1"}],[{"value":"06-11 10:33:00"},{"value":"0"},{"value":"0"},{"value":"1"}],[{"value":"06-11 10:33:00"},{"value":"0"},{"value":"0"},{"value":"1"}],[{"value":"06-11 10:11:00"},{"value":"0"},{"value":"0"},{"value":"2"}],[{"value":"06-11 10:11:00"},{"value":"0"},{"value":"0"},{"value":"1"}],[{"value":"06-11 10:11:00"},{"value":"0"},{"value":"0"},{"value":"1"}],[{"value":"06-11 10:11:00"},{"value":"0"},{"value":"0"},{"value":"1"}],[{"value":"06-11 10:11:00"},{"value":"0"},{"value":"0"},{"value":"1"}],[{"value":"06-11 10:11:00"},{"value":"0"},{"value":"0"},{"value":"1"}],[{"value":"06-11 10:33:00"},{"value":"0"},{"value":"0"},{"value":"1"}],[{"value":"06-11 10:11:00"},{"value":"0"},{"value":"0"},{"value":"1"}],[{"value":"06-11 10:33:00"},{"value":"0"},{"value":"0"},{"value":"1"}],[{"value":"06-11 10:11:00"},{"value":"0"},{"value":"0"},{"value":"1"}],[{"value":"06-11 10:33:00"},{"value":"0"},{"value":"0"},{"value":"1"}],[{"value":"06-11 10:33:00"},{"value":"0"},{"value":"0"},{"value":"1"}],[{"value":"06-11 10:11:00"},{"value":"0"},{"value":"0"},{"value":"1"}],[{"value":"06-11 10:11:00"},{"value":"0"},{"value":"0"},{"value":"1"}],[{"value":"06-11 10:11:00"},{"value":"0"},{"value":"0"},{"value":"1"}],[{"value":"06-11 10:33:00"},{"value":"0"},{"value":"1"},{"value":"0"}],[{"value":"06-11 10:33:00"},{"value":"0"},{"value":"0"},{"value":"1"}],[{"value":"06-11 10:11:00"},{"value":"0"},{"value":"0"},{"value":"1"}],[{"value":"06-11 10:33:00"},{"value":"0"},{"value":"0"},{"value":"1"}],[{"value":"06-11 10:11:00"},{"value":"0"},{"value":"0"},{"value":"2"}],[{"value":"06-11 10:11:00"},{"value":"0"},{"value":"0"},{"value":"2"}],[{"value":"06-11 10:33:00"},{"value":"0"},{"value":"0"},{"value":"1"}],[{"value":"06-11 10:11:00"},{"value":"0"},{"value":"0"},{"value":"1"}],[{"value":"06-11 10:33:00"},{"value":"0"},{"value":"0"},{"value":"1"}],[{"value":"06-11 10:33:00"},{"value":"0"},{"value":"0"},{"value":"1"}],[{"value":"06-11 10:11:00"},{"value":"0"},{"value":"0"},{"value":"1"}],[{"value":"06-11 10:11:00"},{"value":"0"},{"value":"0"},{"value":"2"}],[{"value":"06-11 10:11:00"},{"value":"0"},{"value":"0"},{"value":"1"}],[{"value":"06-11 10:33:00"},{"value":"0"},{"value":"0"},{"value":"1"}],[{"value":"06-11 10:11:00"},{"value":"0"},{"value":"0"},{"value":"2"}],[{"value":"06-11 10:11:00"},{"value":"1"},{"value":"0"},{"value":"1"}],[{"value":"06-11 10:11:00"},{"value":"0"},{"value":"0"},{"value":"1"}],[{"value":"06-11 10:33:00"},{"value":"0"},{"value":"0"},{"value":"1"}],[{"value":"06-11 10:11:00"},{"value":"0"},{"value":"0"},{"value":"1"}],[{"value":"06-11 10:11:00"},{"value":"0"},{"value":"0"},{"value":"1"}],[{"value":"06-11 10:11:00"},{"value":"0"},{"value":"0"},{"value":"1"}],[{"value":"06-11 10:11:00"},{"value":"0"},{"value":"0"},{"value":"1"}],[{"value":"06-11 10:11:00"},{"value":"0"},{"value":"0"},{"value":"1"}],[{"value":"06-11 10:11:00"},{"value":"0"},{"value":"0"},{"value":"1"}],[{"value":"06-11 10:11:00"},{"value":"0"},{"value":"0"},{"value":"1"}],[{"value":"06-11 10:11:00"},{"value":"0"},{"value":"0"},{"value":"2"}],[{"value":"06-11 10:11:00"},{"value":"0"},{"value":"0"},{"value":"1"}],[{"value":"06-11 10:11:00"},{"value":"0"},{"value":"0"},{"value":"1"}],[{"value":"06-11 10:33:00"},{"value":"0"},{"value":"0"},{"value":"1"}],[{"value":"06-11 10:33:00"},{"value":"0"},{"value":"0"},{"value":"1"}],[{"value":"06-11 10:33:00"},{"value":"0"},{"value":"0"},{"value":"1"}],[{"value":"06-11 10:11:00"},{"value":"1"},{"value":"0"},{"value":"2"}],[{"value":"06-11 10:33:00"},{"value":"0"},{"value":"0"},{"value":"1"}],[{"value":"06-11 10:11:00"},{"value":"0"},{"value":"0"},{"value":"2"}],[{"value":"06-11 10:11:00"},{"value":"0"},{"value":"0"},{"value":"2"}],[{"value":"06-11 10:33:00"},{"value":"0"},{"value":"0"},{"value":"1"}],[{"value":"06-11 10:11:00"},{"value":"0"},{"value":"0"},{"value":"2"}],[{"value":"06-11 10:11:00"},{"value":"0"},{"value":"0"},{"value":"1"}],[{"value":"06-11 10:33:00"},{"value":"1"},{"value":"0"},{"value":"0"}],[{"value":"06-11 10:11:00"},{"value":"0"},{"value":"0"},{"value":"1"}],[{"value":"06-11 10:11:00"},{"value":"0"},{"value":"0"},{"value":"1"}],[{"value":"06-11 10:11:00"},{"value":"0"},{"value":"0"},{"value":"1"}],[{"value":"06-11 10:11:00"},{"value":"1"},{"value":"0"},{"value":"0"}],[{"value":"06-11 10:11:00"},{"value":"0"},{"value":"0"},{"value":"1"}],[{"value":"06-11 10:11:00"},{"value":"0"},{"value":"0"},{"value":"1"}],[{"value":"06-11 10:11:00"},{"value":"0"},{"value":"0"},{"value":"1"}],[{"value":"06-11 10:11:00"},{"value":"0"},{"value":"0"},{"value":"1"}],[{"value":"06-11 10:11:00"},{"value":"0"},{"value":"0"},{"value":"2"}],[{"value":"06-11 10:33:00"},{"value":"0"},{"value":"0"},{"value":"1"}],[{"value":"06-11 10:11:00"},{"value":"0"},{"value":"0"},{"value":"1"}],[{"value":"06-11 10:11:00"},{"value":"0"},{"value":"0"},{"value":"1"}],[{"value":"06-11 10:11:00"},{"value":"0"},{"value":"0"},{"value":"1"}],[{"value":"06-11 10:11:00"},{"value":"0"},{"value":"0"},{"value":"3"}],[{"value":"06-11 10:33:00"},{"value":"0"},{"value":"0"},{"value":"1"}],[{"value":"06-11 10:11:00"},{"value":"0"},{"value":"0"},{"value":"1"}],[{"value":"06-11 10:11:00"},{"value":"0"},{"value":"0"},{"value":"2"}],[{"value":"06-11 10:33:00"},{"value":"0"},{"value":"0"},{"value":"1"}],[{"value":"06-11 10:11:00"},{"value":"0"},{"value":"0"},{"value":"1"}],[{"value":"06-11 10:11:00"},{"value":"0"},{"value":"0"},{"value":"3"}],[{"value":"06-11 10:11:00"},{"value":"0"},{"value":"0"},{"value":"1"}],[{"value":"06-11 10:11:00"},{"value":"0"},{"value":"0"},{"value":"1"}],[{"value":"06-11 10:11:00"},{"value":"0"},{"value":"0"},{"value":"1"}],[{"value":"06-11 10:11:00"},{"value":"0"},{"value":"0"},{"value":"1"}],[{"value":"06-11 10:33:00"},{"value":"0"},{"value":"0"},{"value":"3"}],[{"value":"06-11 10:11:00"},{"value":"0"},{"value":"0"},{"value":"1"}],[{"value":"06-11 10:11:00"},{"value":"0"},{"value":"0"},{"value":"2"}],[{"value":"06-11 10:33:00"},{"value":"0"},{"value":"0"},{"value":"1"}]],"columnNames":[{"name":"timestamphour","index":0,"aggr":"sum"},{"name":"purchase_count","index":1,"aggr":"sum"},{"name":"add_to_cart_count","index":2,"aggr":"sum"},{"name":"page_view_count","index":3,"aggr":"sum"}],"rows":[["06-11 10:11:00","0","0","1"],["06-11 10:11:00","0","0","1"],["06-11 10:33:00","0","0","1"],["06-11 10:33:00","0","0","1"],["06-11 10:11:00","0","0","1"],["06-11 10:11:00","0","0","3"],["06-11 10:33:00","0","0","2"],["06-11 10:11:00","0","0","1"],["06-11 10:11:00","0","1","0"],["06-11 10:11:00","1","0","0"],["06-11 10:11:00","0","0","1"],["06-11 10:11:00","0","0","1"],["06-11 10:11:00","1","1","1"],["06-11 10:33:00","0","0","1"],["06-11 10:33:00","0","0","1"],["06-11 10:11:00","0","0","3"],["06-11 10:33:00","0","0","1"],["06-11 10:11:00","0","0","1"],["06-11 10:11:00","0","0","1"],["06-11 10:33:00","0","0","1"],["06-11 10:11:00","0","0","1"],["06-11 10:33:00","0","0","1"],["06-11 10:33:00","0","0","1"],["06-11 10:11:00","0","0","1"],["06-11 10:11:00","0","0","1"],["06-11 10:11:00","0","0","1"],["06-11 10:33:00","0","0","1"],["06-11 10:11:00","0","0","1"],["06-11 10:11:00","0","0","1"],["06-11 10:33:00","0","0","1"],["06-11 10:11:00","0","0","1"],["06-11 10:11:00","0","0","2"],["06-11 10:33:00","0","0","1"],["06-11 10:33:00","0","0","1"],["06-11 10:33:00","0","0","1"],["06-11 10:33:00","0","0","1"],["06-11 10:11:00","0","0","1"],["06-11 10:11:00","0","0","1"],["06-11 10:33:00","0","1","0"],["06-11 10:11:00","0","0","2"],["06-11 10:33:00","0","0","1"],["06-11 10:33:00","0","0","1"],["06-11 10:11:00","0","0","1"],["06-11 10:11:00","0","0","1"],["06-11 10:11:00","0","0","1"],["06-11 10:11:00","0","0","3"],["06-11 10:11:00","0","0","1"],["06-11 10:33:00","0","0","2"],["06-11 10:11:00","0","0","2"],["06-11 10:33:00","0","0","1"],["06-11 10:33:00","0","0","1"],["06-11 10:33:00","0","0","1"],["06-11 10:33:00","0","0","1"],["06-11 10:11:00","0","0","2"],["06-11 10:11:00","0","0","1"],["06-11 10:33:00","0","0","1"],["06-11 10:33:00","0","0","1"],["06-11 10:11:00","0","0","2"],["06-11 10:11:00","0","0","2"],["06-11 10:33:00","0","0","1"],["06-11 10:33:00","0","0","1"],["06-11 10:33:00","0","0","1"],["06-11 10:33:00","0","0","2"],["06-11 10:11:00","0","0","1"],["06-11 10:11:00","0","0","1"],["06-11 10:11:00","0","0","1"],["06-11 10:11:00","0","0","1"],["06-11 10:33:00","0","0","1"],["06-11 10:33:00","0","0","1"],["06-11 10:11:00","0","0","2"],["06-11 10:11:00","0","0","1"],["06-11 10:33:00","0","0","2"],["06-11 10:33:00","0","0","1"],["06-11 10:33:00","0","0","1"],["06-11 10:11:00","0","0","1"],["06-11 10:33:00","0","0","1"],["06-11 10:33:00","0","0","1"],["06-11 10:33:00","0","0","1"],["06-11 10:11:00","0","0","2"],["06-11 10:11:00","0","0","1"],["06-11 10:11:00","0","0","1"],["06-11 10:11:00","0","0","1"],["06-11 10:11:00","0","0","1"],["06-11 10:11:00","0","0","1"],["06-11 10:33:00","0","0","1"],["06-11 10:11:00","0","0","1"],["06-11 10:33:00","0","0","1"],["06-11 10:11:00","0","0","1"],["06-11 10:33:00","0","0","1"],["06-11 10:33:00","0","0","1"],["06-11 10:11:00","0","0","1"],["06-11 10:11:00","0","0","1"],["06-11 10:11:00","0","0","1"],["06-11 10:33:00","0","1","0"],["06-11 10:33:00","0","0","1"],["06-11 10:11:00","0","0","1"],["06-11 10:33:00","0","0","1"],["06-11 10:11:00","0","0","2"],["06-11 10:11:00","0","0","2"],["06-11 10:33:00","0","0","1"],["06-11 10:11:00","0","0","1"],["06-11 10:33:00","0","0","1"],["06-11 10:33:00","0","0","1"],["06-11 10:11:00","0","0","1"],["06-11 10:11:00","0","0","2"],["06-11 10:11:00","0","0","1"],["06-11 10:33:00","0","0","1"],["06-11 10:11:00","0","0","2"],["06-11 10:11:00","1","0","1"],["06-11 10:11:00","0","0","1"],["06-11 10:33:00","0","0","1"],["06-11 10:11:00","0","0","1"],["06-11 10:11:00","0","0","1"],["06-11 10:11:00","0","0","1"],["06-11 10:11:00","0","0","1"],["06-11 10:11:00","0","0","1"],["06-11 10:11:00","0","0","1"],["06-11 10:11:00","0","0","1"],["06-11 10:11:00","0","0","2"],["06-11 10:11:00","0","0","1"],["06-11 10:11:00","0","0","1"],["06-11 10:33:00","0","0","1"],["06-11 10:33:00","0","0","1"],["06-11 10:33:00","0","0","1"],["06-11 10:11:00","1","0","2"],["06-11 10:33:00","0","0","1"],["06-11 10:11:00","0","0","2"],["06-11 10:11:00","0","0","2"],["06-11 10:33:00","0","0","1"],["06-11 10:11:00","0","0","2"],["06-11 10:11:00","0","0","1"],["06-11 10:33:00","1","0","0"],["06-11 10:11:00","0","0","1"],["06-11 10:11:00","0","0","1"],["06-11 10:11:00","0","0","1"],["06-11 10:11:00","1","0","0"],["06-11 10:11:00","0","0","1"],["06-11 10:11:00","0","0","1"],["06-11 10:11:00","0","0","1"],["06-11 10:11:00","0","0","1"],["06-11 10:11:00","0","0","2"],["06-11 10:33:00","0","0","1"],["06-11 10:11:00","0","0","1"],["06-11 10:11:00","0","0","1"],["06-11 10:11:00","0","0","1"],["06-11 10:11:00","0","0","3"],["06-11 10:33:00","0","0","1"],["06-11 10:11:00","0","0","1"],["06-11 10:11:00","0","0","2"],["06-11 10:33:00","0","0","1"],["06-11 10:11:00","0","0","1"],["06-11 10:11:00","0","0","3"],["06-11 10:11:00","0","0","1"],["06-11 10:11:00","0","0","1"],["06-11 10:11:00","0","0","1"],["06-11 10:11:00","0","0","1"],["06-11 10:33:00","0","0","3"],["06-11 10:11:00","0","0","1"],["06-11 10:11:00","0","0","2"],["06-11 10:33:00","0","0","1"]]},"dateCreated":"Jun 11, 2016 9:59:28 AM","dateStarted":"Jun 11, 2016 10:12:01 AM","dateFinished":"Jun 11, 2016 10:12:02 AM","status":"FINISHED","progressUpdateIntervalMs":500,"$$hashKey":"object:2584"},{"text":"StreamingContext.getActive.foreach { _.stop(stopSparkContext=false, stopGracefully=true) }","authenticationInfo":{},"dateUpdated":"Jun 11, 2016 10:12:55 AM","config":{"colWidth":12,"editorMode":"ace/mode/scala","tableHide":false,"graph":{"mode":"table","height":300,"optionOpen":false,"keys":[],"values":[],"groups":[],"scatter":{}},"enabled":true},"settings":{"params":{},"forms":{}},"jobName":"paragraph_1465653568084_1152173194","id":"20160611-095928_794712017","result":{"code":"SUCCESS","type":"TEXT","msg":""},"dateCreated":"Jun 11, 2016 9:59:28 AM","dateStarted":"Jun 11, 2016 10:12:55 AM","dateFinished":"Jun 11, 2016 10:13:00 AM","status":"FINISHED","progressUpdateIntervalMs":500,"$$hashKey":"object:2585"},{"text":"ssc.awaitTerminationOrTimeout(1000 * 60)","authenticationInfo":{},"dateUpdated":"Jun 11, 2016 10:00:14 AM","config":{"colWidth":12,"editorMode":"ace/mode/scala","tableHide":false,"graph":{"mode":"table","height":300,"optionOpen":false,"keys":[],"values":[],"groups":[],"scatter":{}},"enabled":false},"settings":{"params":{},"forms":{}},"jobName":"paragraph_1465653568084_1152173194","id":"20160611-095928_877679884","dateCreated":"Jun 11, 2016 9:59:28 AM","status":"READY","errorMessage":"","progressUpdateIntervalMs":500,"$$hashKey":"object:2586"},{"authenticationInfo":{},"dateUpdated":"Jun 11, 2016 10:00:14 AM","config":{"colWidth":12,"tableHide":false,"graph":{"mode":"table","height":300,"optionOpen":false,"keys":[],"values":[],"groups":[],"scatter":{}},"enabled":true,"editorMode":"ace/mode/scala"},"settings":{"params":{},"forms":{}},"jobName":"paragraph_1465653568084_1152173194","id":"20160611-095928_603677749","result":{"code":"SUCCESS","type":"TEXT","msg":""},"dateCreated":"Jun 11, 2016 9:59:28 AM","dateStarted":"Jun 11, 2016 10:00:53 AM","dateFinished":"Jun 11, 2016 10:00:54 AM","status":"FINISHED","progressUpdateIntervalMs":500,"$$hashKey":"object:2587"}],"name":"Streaming Aggregations","id":"2BNYKYR9V","angularObjects":{"2BMDVW7M7":[],"2BJPGHB4M":[],"2BMHYFH1N":[],"2BKQ1CQFG":[],"2BNSPRGSG":[],"2BNBSHB92":[],"2BNE7SE9Q":[],"2BJW4C4YT":[],"2BNSEWZZH":[],"2BNK49ADC":[],"2BNZZ4MBJ":[],"2BP7SNVFA":[],"2BM4Z9RJ5":[],"2BJVNUFJE":[],"2BKDGS6K9":[],"2BMB5E2G2":[],"2BK93PSAS":[],"2BMWKZPE2":[]},"config":{"looknfeel":"default"},"info":{}}