{"paragraphs":[{"text":"case class Item(itemName: String, itemNumber: Int)\nval items = (0 to 100).map( i => Item(s\"name-$i\", i) )\n\nval itemsRDD = sc.parallelize(items)\nval itemsDF = itemsRDD.toDF","authenticationInfo":{},"dateUpdated":"Apr 17, 2016 4:48:23 AM","config":{"colWidth":12,"graph":{"mode":"table","height":300,"optionOpen":false,"keys":[],"values":[],"groups":[],"scatter":{}},"enabled":true,"editorMode":"ace/mode/scala"},"settings":{"params":{},"forms":{}},"jobName":"paragraph_1460882427797_1428726530","id":"20160417-044027_636133537","result":{"code":"SUCCESS","type":"TEXT","msg":"defined class Item\nitems: scala.collection.immutable.IndexedSeq[Item] = Vector(Item(name-0,0), Item(name-1,1), Item(name-2,2), Item(name-3,3), Item(name-4,4), Item(name-5,5), Item(name-6,6), Item(name-7,7), Item(name-8,8), Item(name-9,9), Item(name-10,10), Item(name-11,11), Item(name-12,12), Item(name-13,13), Item(name-14,14), Item(name-15,15), Item(name-16,16), Item(name-17,17), Item(name-18,18), Item(name-19,19), Item(name-20,20), Item(name-21,21), Item(name-22,22), Item(name-23,23), Item(name-24,24), Item(name-25,25), Item(name-26,26), Item(name-27,27), Item(name-28,28), Item(name-29,29), Item(name-30,30), Item(name-31,31), Item(name-32,32), Item(name-33,33), Item(name-34,34), Item(name-35,35), Item(name-36,36), Item(name-37,37), Item(name-38,38), Item(name-39,39), Item(name-40,40), Item(name-41,41), I...itemsRDD: org.apache.spark.rdd.RDD[Item] = ParallelCollectionRDD[5] at parallelize at <console>:33\nitemsDF: org.apache.spark.sql.DataFrame = [itemName: string, itemNumber: int]\n"},"dateCreated":"Apr 17, 2016 4:40:27 AM","dateStarted":"Apr 17, 2016 4:48:23 AM","dateFinished":"Apr 17, 2016 4:48:27 AM","status":"FINISHED","progressUpdateIntervalMs":500,"$$hashKey":"object:3139"},{"text":"itemsDF.registerTempTable(\"items\")","authenticationInfo":{},"dateUpdated":"Apr 17, 2016 4:49:15 AM","config":{"colWidth":12,"graph":{"mode":"table","height":300,"optionOpen":false,"keys":[],"values":[],"groups":[],"scatter":{}},"enabled":true,"editorMode":"ace/mode/scala"},"settings":{"params":{},"forms":{}},"jobName":"paragraph_1460882875619_110268670","id":"20160417-044755_1179790288","result":{"code":"SUCCESS","type":"TEXT","msg":""},"dateCreated":"Apr 17, 2016 4:47:55 AM","dateStarted":"Apr 17, 2016 4:49:15 AM","dateFinished":"Apr 17, 2016 4:49:16 AM","status":"FINISHED","progressUpdateIntervalMs":500,"$$hashKey":"object:3140"},{"text":"%sql\nselect * from items","authenticationInfo":{},"dateUpdated":"Apr 17, 2016 4:50:16 AM","config":{"colWidth":12,"graph":{"mode":"multiBarChart","height":300,"optionOpen":true,"keys":[{"name":"itemName","index":0,"aggr":"sum","$$hashKey":"object:3365"}],"values":[{"name":"itemNumber","index":1,"aggr":"sum","$$hashKey":"object:3374"}],"groups":[],"scatter":{"xAxis":{"name":"itemName","index":0,"aggr":"sum"},"yAxis":{"name":"itemNumber","index":1,"aggr":"sum"}}},"enabled":true,"editorMode":"ace/mode/sql"},"settings":{"params":{},"forms":{}},"jobName":"paragraph_1460882955131_-839048073","id":"20160417-044915_1777696009","result":{"code":"SUCCESS","type":"TABLE","msg":"itemName\titemNumber\nname-0\t0\nname-1\t1\nname-2\t2\nname-3\t3\nname-4\t4\nname-5\t5\nname-6\t6\nname-7\t7\nname-8\t8\nname-9\t9\nname-10\t10\nname-11\t11\nname-12\t12\nname-13\t13\nname-14\t14\nname-15\t15\nname-16\t16\nname-17\t17\nname-18\t18\nname-19\t19\nname-20\t20\nname-21\t21\nname-22\t22\nname-23\t23\nname-24\t24\nname-25\t25\nname-26\t26\nname-27\t27\nname-28\t28\nname-29\t29\nname-30\t30\nname-31\t31\nname-32\t32\nname-33\t33\nname-34\t34\nname-35\t35\nname-36\t36\nname-37\t37\nname-38\t38\nname-39\t39\nname-40\t40\nname-41\t41\nname-42\t42\nname-43\t43\nname-44\t44\nname-45\t45\nname-46\t46\nname-47\t47\nname-48\t48\nname-49\t49\nname-50\t50\nname-51\t51\nname-52\t52\nname-53\t53\nname-54\t54\nname-55\t55\nname-56\t56\nname-57\t57\nname-58\t58\nname-59\t59\nname-60\t60\nname-61\t61\nname-62\t62\nname-63\t63\nname-64\t64\nname-65\t65\nname-66\t66\nname-67\t67\nname-68\t68\nname-69\t69\nname-70\t70\nname-71\t71\nname-72\t72\nname-73\t73\nname-74\t74\nname-75\t75\nname-76\t76\nname-77\t77\nname-78\t78\nname-79\t79\nname-80\t80\nname-81\t81\nname-82\t82\nname-83\t83\nname-84\t84\nname-85\t85\nname-86\t86\nname-87\t87\nname-88\t88\nname-89\t89\nname-90\t90\nname-91\t91\nname-92\t92\nname-93\t93\nname-94\t94\nname-95\t95\nname-96\t96\nname-97\t97\nname-98\t98\nname-99\t99\nname-100\t100\n","comment":"","msgTable":[[{"key":"itemNumber","value":"name-0"},{"key":"itemNumber","value":"0"}],[{"value":"name-1"},{"value":"1"}],[{"value":"name-2"},{"value":"2"}],[{"value":"name-3"},{"value":"3"}],[{"value":"name-4"},{"value":"4"}],[{"value":"name-5"},{"value":"5"}],[{"value":"name-6"},{"value":"6"}],[{"value":"name-7"},{"value":"7"}],[{"value":"name-8"},{"value":"8"}],[{"value":"name-9"},{"value":"9"}],[{"value":"name-10"},{"value":"10"}],[{"value":"name-11"},{"value":"11"}],[{"value":"name-12"},{"value":"12"}],[{"value":"name-13"},{"value":"13"}],[{"value":"name-14"},{"value":"14"}],[{"value":"name-15"},{"value":"15"}],[{"value":"name-16"},{"value":"16"}],[{"value":"name-17"},{"value":"17"}],[{"value":"name-18"},{"value":"18"}],[{"value":"name-19"},{"value":"19"}],[{"value":"name-20"},{"value":"20"}],[{"value":"name-21"},{"value":"21"}],[{"value":"name-22"},{"value":"22"}],[{"value":"name-23"},{"value":"23"}],[{"value":"name-24"},{"value":"24"}],[{"value":"name-25"},{"value":"25"}],[{"value":"name-26"},{"value":"26"}],[{"value":"name-27"},{"value":"27"}],[{"value":"name-28"},{"value":"28"}],[{"value":"name-29"},{"value":"29"}],[{"value":"name-30"},{"value":"30"}],[{"value":"name-31"},{"value":"31"}],[{"value":"name-32"},{"value":"32"}],[{"value":"name-33"},{"value":"33"}],[{"value":"name-34"},{"value":"34"}],[{"value":"name-35"},{"value":"35"}],[{"value":"name-36"},{"value":"36"}],[{"value":"name-37"},{"value":"37"}],[{"value":"name-38"},{"value":"38"}],[{"value":"name-39"},{"value":"39"}],[{"value":"name-40"},{"value":"40"}],[{"value":"name-41"},{"value":"41"}],[{"value":"name-42"},{"value":"42"}],[{"value":"name-43"},{"value":"43"}],[{"value":"name-44"},{"value":"44"}],[{"value":"name-45"},{"value":"45"}],[{"value":"name-46"},{"value":"46"}],[{"value":"name-47"},{"value":"47"}],[{"value":"name-48"},{"value":"48"}],[{"value":"name-49"},{"value":"49"}],[{"value":"name-50"},{"value":"50"}],[{"value":"name-51"},{"value":"51"}],[{"value":"name-52"},{"value":"52"}],[{"value":"name-53"},{"value":"53"}],[{"value":"name-54"},{"value":"54"}],[{"value":"name-55"},{"value":"55"}],[{"value":"name-56"},{"value":"56"}],[{"value":"name-57"},{"value":"57"}],[{"value":"name-58"},{"value":"58"}],[{"value":"name-59"},{"value":"59"}],[{"value":"name-60"},{"value":"60"}],[{"value":"name-61"},{"value":"61"}],[{"value":"name-62"},{"value":"62"}],[{"value":"name-63"},{"value":"63"}],[{"value":"name-64"},{"value":"64"}],[{"value":"name-65"},{"value":"65"}],[{"value":"name-66"},{"value":"66"}],[{"value":"name-67"},{"value":"67"}],[{"value":"name-68"},{"value":"68"}],[{"value":"name-69"},{"value":"69"}],[{"value":"name-70"},{"value":"70"}],[{"value":"name-71"},{"value":"71"}],[{"value":"name-72"},{"value":"72"}],[{"value":"name-73"},{"value":"73"}],[{"value":"name-74"},{"value":"74"}],[{"value":"name-75"},{"value":"75"}],[{"value":"name-76"},{"value":"76"}],[{"value":"name-77"},{"value":"77"}],[{"value":"name-78"},{"value":"78"}],[{"value":"name-79"},{"value":"79"}],[{"value":"name-80"},{"value":"80"}],[{"value":"name-81"},{"value":"81"}],[{"value":"name-82"},{"value":"82"}],[{"value":"name-83"},{"value":"83"}],[{"value":"name-84"},{"value":"84"}],[{"value":"name-85"},{"value":"85"}],[{"value":"name-86"},{"value":"86"}],[{"value":"name-87"},{"value":"87"}],[{"value":"name-88"},{"value":"88"}],[{"value":"name-89"},{"value":"89"}],[{"value":"name-90"},{"value":"90"}],[{"value":"name-91"},{"value":"91"}],[{"value":"name-92"},{"value":"92"}],[{"value":"name-93"},{"value":"93"}],[{"value":"name-94"},{"value":"94"}],[{"value":"name-95"},{"value":"95"}],[{"value":"name-96"},{"value":"96"}],[{"value":"name-97"},{"value":"97"}],[{"value":"name-98"},{"value":"98"}],[{"value":"name-99"},{"value":"99"}],[{"value":"name-100"},{"value":"100"}]],"columnNames":[{"name":"itemName","index":0,"aggr":"sum","$$hashKey":"object:3350"},{"name":"itemNumber","index":1,"aggr":"sum","$$hashKey":"object:3351"}],"rows":[["name-0","0"],["name-1","1"],["name-2","2"],["name-3","3"],["name-4","4"],["name-5","5"],["name-6","6"],["name-7","7"],["name-8","8"],["name-9","9"],["name-10","10"],["name-11","11"],["name-12","12"],["name-13","13"],["name-14","14"],["name-15","15"],["name-16","16"],["name-17","17"],["name-18","18"],["name-19","19"],["name-20","20"],["name-21","21"],["name-22","22"],["name-23","23"],["name-24","24"],["name-25","25"],["name-26","26"],["name-27","27"],["name-28","28"],["name-29","29"],["name-30","30"],["name-31","31"],["name-32","32"],["name-33","33"],["name-34","34"],["name-35","35"],["name-36","36"],["name-37","37"],["name-38","38"],["name-39","39"],["name-40","40"],["name-41","41"],["name-42","42"],["name-43","43"],["name-44","44"],["name-45","45"],["name-46","46"],["name-47","47"],["name-48","48"],["name-49","49"],["name-50","50"],["name-51","51"],["name-52","52"],["name-53","53"],["name-54","54"],["name-55","55"],["name-56","56"],["name-57","57"],["name-58","58"],["name-59","59"],["name-60","60"],["name-61","61"],["name-62","62"],["name-63","63"],["name-64","64"],["name-65","65"],["name-66","66"],["name-67","67"],["name-68","68"],["name-69","69"],["name-70","70"],["name-71","71"],["name-72","72"],["name-73","73"],["name-74","74"],["name-75","75"],["name-76","76"],["name-77","77"],["name-78","78"],["name-79","79"],["name-80","80"],["name-81","81"],["name-82","82"],["name-83","83"],["name-84","84"],["name-85","85"],["name-86","86"],["name-87","87"],["name-88","88"],["name-89","89"],["name-90","90"],["name-91","91"],["name-92","92"],["name-93","93"],["name-94","94"],["name-95","95"],["name-96","96"],["name-97","97"],["name-98","98"],["name-99","99"],["name-100","100"]]},"dateCreated":"Apr 17, 2016 4:49:15 AM","dateStarted":"Apr 17, 2016 4:50:02 AM","dateFinished":"Apr 17, 2016 4:50:03 AM","status":"FINISHED","progressUpdateIntervalMs":500,"$$hashKey":"object:3141"},{"config":{"colWidth":12,"graph":{"mode":"table","height":300,"optionOpen":false,"keys":[],"values":[],"groups":[],"scatter":{}},"enabled":true,"editorMode":"ace/mode/scala"},"settings":{"params":{},"forms":{}},"jobName":"paragraph_1460883002627_-336288530","id":"20160417-045002_3761807","dateCreated":"Apr 17, 2016 4:50:02 AM","status":"READY","progressUpdateIntervalMs":500,"$$hashKey":"object:3142"}],"name":"Spark Intro","id":"2BG2QQUBT","angularObjects":{"2BGUA4CJ7":[],"2BJ6V2MU3":[],"2BG7W97UF":[],"2BFM26ZMH":[],"2BJ2M7UB4":[],"2BHAD2XM1":[],"2BHPP24TZ":[],"2BFQY5K2V":[],"2BG8X4FH3":[],"2BJN8TGM2":[],"2BGR1GBR1":[],"2BG7HNHYZ":[],"2BH3HK8KF":[],"2BGR1RRUT":[],"2BJT3WE3F":[],"2BJ7PGB92":[],"2BFDDYRXU":[],"2BF6F8EB4":[]},"config":{"looknfeel":"default"},"info":{}}